Name,City,Phone_Number
Dhruv Nagy,Sambalpur,09954161613
Sai Kalla,Khandwa,04249654250
Kabir Dada,Guntur,8268620333
Vinaya Ramakrishnan,Satara,+913208219245
Imaran Basak,Berhampur,3297046521
Urishilla Palla,Singrauli,07553805729
Jagat Halder,Nagaon,+917795121702
Advaith Boase,Gwalior,+913170332067
Ranbir Chakraborty,Munger,+917111943819
Jai Jayaraman,Orai,+916307621196
Anmol Sinha,Ajmer,08242773702
Jhalak Lanka,Bilaspur,7067704113
Arin Bakshi,Visakhapatnam,05977629057
Ryan Ganguly,Panihati,9927555396
Zaid Din,Bhusawal,+919212919448
Atharv Bahl,Secunderabad,06094133601
Advik Kara,Gaya,+915672684056
Benjamin Gulati,Raipur,2348116796
Ayushman Sundaram,Bhavnagar,+915767887153
Lakshmi Raman,Shivpuri,1026932157
